{
  "tag": "baseline",
  "pods": 4,
  "total_bits_per_second": 15140798569.480133,
  "total_gbps": 15.140798569480133,
  "total_bytes_sent": 18928959488,
  "total_connect_errors": 0,
  "total_write_errors": 0
}
