{
  "tag": "baseline",
  "pods": 4,
  "total_bits_per_second": 15204451650.756124,
  "total_gbps": 15.204451650756125,
  "total_bytes_sent": 19010748416,
  "total_connect_errors": 0,
  "total_write_errors": 0
}
