{
  "tag": "baseline",
  "pods": 4,
  "total_bits_per_second": 14933527330.355143,
  "total_gbps": 14.933527330355142,
  "total_bytes_sent": 18671206400,
  "total_connect_errors": 0,
  "total_write_errors": 0
}
