{
  "tag": "baseline",
  "pods": 4,
  "total_bits_per_second": 15271433940.833752,
  "total_gbps": 15.271433940833752,
  "total_bytes_sent": 19094110208,
  "total_connect_errors": 0,
  "total_write_errors": 0
}
