{
  "tag": "baseline",
  "pods": 4,
  "total_bits_per_second": 15255011510.415218,
  "total_gbps": 15.255011510415219,
  "total_bytes_sent": 19073990656,
  "total_connect_errors": 0,
  "total_write_errors": 0
}
