{
  "tag": "with_retina",
  "pods": 4,
  "total_bits_per_second": 15446971818.596903,
  "total_gbps": 15.446971818596904,
  "total_bytes_sent": 19313983488,
  "total_connect_errors": 0,
  "total_write_errors": 0
}
