{
  "tag": "with_retina",
  "pods": 4,
  "total_bits_per_second": 15341585016.46597,
  "total_gbps": 15.341585016465968,
  "total_bytes_sent": 19181797376,
  "total_connect_errors": 0,
  "total_write_errors": 0
}
