{
  "tag": "baseline",
  "pods": 4,
  "total_bits_per_second": 14813288782.127169,
  "total_gbps": 14.813288782127168,
  "total_bytes_sent": 18521784320,
  "total_connect_errors": 0,
  "total_write_errors": 0
}
