{
  "tag": "with_retina",
  "pods": 4,
  "total_bits_per_second": 15488050513.626541,
  "total_gbps": 15.488050513626542,
  "total_bytes_sent": 19366281216,
  "total_connect_errors": 0,
  "total_write_errors": 0
}
