{
  "tag": "baseline",
  "pods": 4,
  "total_bits_per_second": 15405542905.638832,
  "total_gbps": 15.405542905638832,
  "total_bytes_sent": 19261554688,
  "total_connect_errors": 0,
  "total_write_errors": 0
}
