{
  "tag": "with_retina",
  "pods": 4,
  "total_bits_per_second": 15321021767.491787,
  "total_gbps": 15.321021767491787,
  "total_bytes_sent": 19157155840,
  "total_connect_errors": 0,
  "total_write_errors": 0
}
