{
  "tag": "with_retina",
  "pods": 4,
  "total_bits_per_second": 15326353339.01479,
  "total_gbps": 15.326353339014789,
  "total_bytes_sent": 19163316224,
  "total_connect_errors": 0,
  "total_write_errors": 0
}
