{
  "tag": "with_retina",
  "pods": 4,
  "total_bits_per_second": 14952039582.957024,
  "total_gbps": 14.952039582957024,
  "total_bytes_sent": 18694275072,
  "total_connect_errors": 0,
  "total_write_errors": 0
}
