{
  "tag": "baseline",
  "pods": 4,
  "total_bits_per_second": 14792268587.413393,
  "total_gbps": 14.792268587413393,
  "total_bytes_sent": 18496815104,
  "total_connect_errors": 0,
  "total_write_errors": 0
}
