{
  "tag": "baseline",
  "pods": 4,
  "total_bits_per_second": 14868499333.015865,
  "total_gbps": 14.868499333015865,
  "total_bytes_sent": 18590334976,
  "total_connect_errors": 0,
  "total_write_errors": 0
}
