{
  "tag": "baseline",
  "pods": 4,
  "total_bits_per_second": 15325417181.553463,
  "total_gbps": 15.325417181553464,
  "total_bytes_sent": 19161939968,
  "total_connect_errors": 0,
  "total_write_errors": 0
}
