{
  "tag": "with_retina",
  "pods": 4,
  "total_bits_per_second": 15267134066.648008,
  "total_gbps": 15.267134066648008,
  "total_bytes_sent": 19088670720,
  "total_connect_errors": 0,
  "total_write_errors": 0
}
