{
  "tag": "baseline",
  "pods": 4,
  "total_bits_per_second": 15517685116.145903,
  "total_gbps": 15.517685116145902,
  "total_bytes_sent": 19402719232,
  "total_connect_errors": 0,
  "total_write_errors": 0
}
