{
  "tag": "baseline",
  "pods": 4,
  "total_bits_per_second": 15001734477.95846,
  "total_gbps": 15.00173447795846,
  "total_bytes_sent": 18757713920,
  "total_connect_errors": 0,
  "total_write_errors": 0
}
