{
  "tag": "with_retina",
  "pods": 4,
  "total_bits_per_second": 15348363741.022966,
  "total_gbps": 15.348363741022967,
  "total_bytes_sent": 19190317056,
  "total_connect_errors": 0,
  "total_write_errors": 0
}
