{
  "tag": "with_retina",
  "pods": 4,
  "total_bits_per_second": 15012713337.255808,
  "total_gbps": 15.012713337255807,
  "total_bytes_sent": 18772787200,
  "total_connect_errors": 0,
  "total_write_errors": 0
}
