{
  "tag": "baseline",
  "pods": 4,
  "total_bits_per_second": 15240709497.912014,
  "total_gbps": 15.240709497912015,
  "total_bytes_sent": 19058065408,
  "total_connect_errors": 0,
  "total_write_errors": 0
}
