{
  "tag": "with_retina",
  "pods": 4,
  "total_bits_per_second": 15098026238.701817,
  "total_gbps": 15.098026238701816,
  "total_bytes_sent": 18878103552,
  "total_connect_errors": 0,
  "total_write_errors": 0
}
