{
  "tag": "baseline",
  "pods": 4,
  "total_bits_per_second": 15310117849.135775,
  "total_gbps": 15.310117849135775,
  "total_bytes_sent": 19143262208,
  "total_connect_errors": 0,
  "total_write_errors": 0
}
