{
  "tag": "with_retina",
  "pods": 4,
  "total_bits_per_second": 15024359431.959034,
  "total_gbps": 15.024359431959034,
  "total_bytes_sent": 18785894400,
  "total_connect_errors": 0,
  "total_write_errors": 0
}
