{
  "tag": "with_retina",
  "pods": 4,
  "total_bits_per_second": 14930873868.461813,
  "total_gbps": 14.930873868461813,
  "total_bytes_sent": 18667864064,
  "total_connect_errors": 0,
  "total_write_errors": 0
}
