{
  "tag": "baseline",
  "pods": 4,
  "total_bits_per_second": 15085587108.241789,
  "total_gbps": 15.08558710824179,
  "total_bytes_sent": 18862899200,
  "total_connect_errors": 0,
  "total_write_errors": 0
}
