{
  "tag": "baseline",
  "pods": 4,
  "total_bits_per_second": 15308377101.671751,
  "total_gbps": 15.30837710167175,
  "total_bytes_sent": 19140313088,
  "total_connect_errors": 0,
  "total_write_errors": 0
}
