{
	"start":	{
		"connected":	[{
				"socket":	5,
				"local_host":	"10.0.1.4",
				"local_port":	48082,
				"remote_host":	"10.0.1.5",
				"remote_port":	5201
			}],
		"version":	"iperf 3.16",
		"system_info":	"Linux iperf3-sender 6.17.0-1018-azure #18~24.04.1-Ubuntu SMP Thu May 28 16:39:11 UTC 2026 x86_64",
		"timestamp":	{
			"time":	"Wed, 24 Jun 2026 14:14:13 GMT",
			"timesecs":	1782310453
		},
		"connecting_to":	{
			"host":	"10.0.1.5",
			"port":	5201
		},
		"cookie":	"if6cqzxcps4wyvvmnfhmczfinsxekd5r647p",
		"tcp_mss_default":	1398,
		"target_bitrate":	5000000000,
		"fq_rate":	0,
		"sock_bufsize":	0,
		"sndbuf_actual":	16384,
		"rcvbuf_actual":	131072,
		"test_start":	{
			"protocol":	"TCP",
			"num_streams":	1,
			"blksize":	65536,
			"omit":	0,
			"duration":	30,
			"bytes":	0,
			"blocks":	0,
			"reverse":	0,
			"tos":	0,
			"target_bitrate":	5000000000,
			"bidir":	0,
			"fqrate":	0
		}
	},
	"intervals":	[{
			"streams":	[{
					"socket":	5,
					"start":	0,
					"end":	1.00008,
					"seconds":	1.0000799894332886,
					"bytes":	624492544,
					"bits_per_second":	4995540761.5255156,
					"retransmits":	596,
					"snd_cwnd":	336918,
					"snd_wnd":	1633280,
					"rtt":	278,
					"rttvar":	27,
					"pmtu":	1500,
					"omitted":	false,
					"sender":	true
				}],
			"sum":	{
				"start":	0,
				"end":	1.00008,
				"seconds":	1.0000799894332886,
				"bytes":	624492544,
				"bits_per_second":	4995540761.5255156,
				"retransmits":	596,
				"omitted":	false,
				"sender":	true
			}
		}, {
			"streams":	[{
					"socket":	5,
					"start":	1.00008,
					"end":	2.00008,
					"seconds":	1,
					"bytes":	625016832,
					"bits_per_second":	5000134656,
					"retransmits":	80,
					"snd_cwnd":	321540,
					"snd_wnd":	4461568,
					"rtt":	251,
					"rttvar":	29,
					"pmtu":	1500,
					"omitted":	false,
					"sender":	true
				}],
			"sum":	{
				"start":	1.00008,
				"end":	2.00008,
				"seconds":	1,
				"bytes":	625016832,
				"bits_per_second":	5000134656,
				"retransmits":	80,
				"omitted":	false,
				"sender":	true
			}
		}, {
			"streams":	[{
					"socket":	5,
					"start":	2.00008,
					"end":	3.000079,
					"seconds":	0.99999898672103882,
					"bytes":	625016832,
					"bits_per_second":	5000139722.5363836,
					"retransmits":	384,
					"snd_cwnd":	641682,
					"snd_wnd":	4495360,
					"rtt":	326,
					"rttvar":	24,
					"pmtu":	1500,
					"omitted":	false,
					"sender":	true
				}],
			"sum":	{
				"start":	2.00008,
				"end":	3.000079,
				"seconds":	0.99999898672103882,
				"bytes":	625016832,
				"bits_per_second":	5000139722.5363836,
				"retransmits":	384,
				"omitted":	false,
				"sender":	true
			}
		}, {
			"streams":	[{
					"socket":	5,
					"start":	3.000079,
					"end":	4.000091,
					"seconds":	1.0000120401382446,
					"bytes":	625016832,
					"bits_per_second":	5000074454.4123354,
					"retransmits":	335,
					"snd_cwnd":	426390,
					"snd_wnd":	4474880,
					"rtt":	271,
					"rttvar":	37,
					"pmtu":	1500,
					"omitted":	false,
					"sender":	true
				}],
			"sum":	{
				"start":	3.000079,
				"end":	4.000091,
				"seconds":	1.0000120401382446,
				"bytes":	625016832,
				"bits_per_second":	5000074454.4123354,
				"retransmits":	335,
				"omitted":	false,
				"sender":	true
			}
		}, {
			"streams":	[{
					"socket":	5,
					"start":	4.000091,
					"end":	5.000079,
					"seconds":	0.9999880194664,
					"bytes":	624951296,
					"bits_per_second":	4999670266.71762,
					"retransmits":	412,
					"snd_cwnd":	700398,
					"snd_wnd":	4509696,
					"rtt":	361,
					"rttvar":	22,
					"pmtu":	1500,
					"omitted":	false,
					"sender":	true
				}],
			"sum":	{
				"start":	4.000091,
				"end":	5.000079,
				"seconds":	0.9999880194664,
				"bytes":	624951296,
				"bits_per_second":	4999670266.71762,
				"retransmits":	412,
				"omitted":	false,
				"sender":	true
			}
		}, {
			"streams":	[{
					"socket":	5,
					"start":	5.000079,
					"end":	6.000089,
					"seconds":	1.0000100135803223,
					"bytes":	625016832,
					"bits_per_second":	5000084587.2513676,
					"retransmits":	486,
					"snd_cwnd":	299172,
					"snd_wnd":	4438016,
					"rtt":	191,
					"rttvar":	22,
					"pmtu":	1500,
					"omitted":	false,
					"sender":	true
				}],
			"sum":	{
				"start":	5.000079,
				"end":	6.000089,
				"seconds":	1.0000100135803223,
				"bytes":	625016832,
				"bits_per_second":	5000084587.2513676,
				"retransmits":	486,
				"omitted":	false,
				"sender":	true
			}
		}, {
			"streams":	[{
					"socket":	5,
					"start":	6.000089,
					"end":	7.000086,
					"seconds":	0.99999701976776123,
					"bytes":	625016832,
					"bits_per_second":	5000149557.60691,
					"retransmits":	401,
					"snd_cwnd":	405420,
					"snd_wnd":	4779008,
					"rtt":	254,
					"rttvar":	30,
					"pmtu":	1500,
					"omitted":	false,
					"sender":	true
				}],
			"sum":	{
				"start":	6.000089,
				"end":	7.000086,
				"seconds":	0.99999701976776123,
				"bytes":	625016832,
				"bits_per_second":	5000149557.60691,
				"retransmits":	401,
				"omitted":	false,
				"sender":	true
			}
		}, {
			"streams":	[{
					"socket":	5,
					"start":	7.000086,
					"end":	8.00008,
					"seconds":	0.99999397993087769,
					"bytes":	625016832,
					"bits_per_second":	5000164757.3374624,
					"retransmits":	463,
					"snd_cwnd":	416604,
					"snd_wnd":	4811776,
					"rtt":	322,
					"rttvar":	36,
					"pmtu":	1500,
					"omitted":	false,
					"sender":	true
				}],
			"sum":	{
				"start":	7.000086,
				"end":	8.00008,
				"seconds":	0.99999397993087769,
				"bytes":	625016832,
				"bits_per_second":	5000164757.3374624,
				"retransmits":	463,
				"omitted":	false,
				"sender":	true
			}
		}, {
			"streams":	[{
					"socket":	5,
					"start":	8.00008,
					"end":	9.00008,
					"seconds":	1,
					"bytes":	624951296,
					"bits_per_second":	4999610368,
					"retransmits":	178,
					"snd_cwnd":	388644,
					"snd_wnd":	4767744,
					"rtt":	255,
					"rttvar":	36,
					"pmtu":	1500,
					"omitted":	false,
					"sender":	true
				}],
			"sum":	{
				"start":	8.00008,
				"end":	9.00008,
				"seconds":	1,
				"bytes":	624951296,
				"bits_per_second":	4999610368,
				"retransmits":	178,
				"omitted":	false,
				"sender":	true
			}
		}, {
			"streams":	[{
					"socket":	5,
					"start":	9.00008,
					"end":	10.000079,
					"seconds":	0.99999898672103882,
					"bytes":	625016832,
					"bits_per_second":	5000139722.5363836,
					"retransmits":	204,
					"snd_cwnd":	527046,
					"snd_wnd":	4698112,
					"rtt":	252,
					"rttvar":	34,
					"pmtu":	1500,
					"omitted":	false,
					"sender":	true
				}],
			"sum":	{
				"start":	9.00008,
				"end":	10.000079,
				"seconds":	0.99999898672103882,
				"bytes":	625016832,
				"bits_per_second":	5000139722.5363836,
				"retransmits":	204,
				"omitted":	false,
				"sender":	true
			}
		}, {
			"streams":	[{
					"socket":	5,
					"start":	10.000079,
					"end":	11.00008,
					"seconds":	1.0000009536743164,
					"bytes":	625016832,
					"bits_per_second":	5000129887.5045471,
					"retransmits":	526,
					"snd_cwnd":	355092,
					"snd_wnd":	4731904,
					"rtt":	306,
					"rttvar":	48,
					"pmtu":	1500,
					"omitted":	false,
					"sender":	true
				}],
			"sum":	{
				"start":	10.000079,
				"end":	11.00008,
				"seconds":	1.0000009536743164,
				"bytes":	625016832,
				"bits_per_second":	5000129887.5045471,
				"retransmits":	526,
				"omitted":	false,
				"sender":	true
			}
		}, {
			"streams":	[{
					"socket":	5,
					"start":	11.00008,
					"end":	12.00008,
					"seconds":	1,
					"bytes":	625016832,
					"bits_per_second":	5000134656,
					"retransmits":	431,
					"snd_cwnd":	466932,
					"snd_wnd":	4779008,
					"rtt":	268,
					"rttvar":	28,
					"pmtu":	1500,
					"omitted":	false,
					"sender":	true
				}],
			"sum":	{
				"start":	11.00008,
				"end":	12.00008,
				"seconds":	1,
				"bytes":	625016832,
				"bits_per_second":	5000134656,
				"retransmits":	431,
				"omitted":	false,