{
  "tag": "with_retina",
  "pods": 4,
  "total_bits_per_second": 15031310306.72574,
  "total_gbps": 15.031310306725741,
  "total_bytes_sent": 18793234432,
  "total_connect_errors": 0,
  "total_write_errors": 0
}
